"local_path","source_url","source_page","alt_text","status","notes"
"client/public/reference/2025/07/2da277fbe63ef052cb7511621593133101866175.jpg","https://retailjewellerindiaforum.com/wp-content/uploads/2025/07/2da277fbe63ef052cb7511621593133101866175.jpg","Elementor export","","approved-export","Extracted from authorized wp-content/uploads archive"
"client/public/reference/2025/07/Exhibit-2.jpg","https://retailjewellerindiaforum.com/wp-content/uploads/2025/07/Exhibit-2.jpg","Elementor export","","approved-export","Extracted from authorized wp-content/uploads archive"
"client/public/reference/2025/07/Exhibit.jpg","https://retailjewellerindiaforum.com/wp-content/uploads/2025/07/Exhibit.jpg","Elementor export","","approved-export","Extracted from authorized wp-content/uploads archive"
"client/public/reference/2025/07/Im-1.jpg","https://retailjewellerindiaforum.com/wp-content/uploads/2025/07/Im-1.jpg","Elementor export","","approved-export","Extracted from authorized wp-content/uploads archive"
"client/public/reference/2025/07/Leadership-Awards.jpg","https://retailjewellerindiaforum.com/wp-content/uploads/2025/07/Leadership-Awards.jpg","Elementor export","","approved-export","Extracted from authorized wp-content/uploads archive"
"client/public/reference/2025/07/Leadership.jpg","https://retailjewellerindiaforum.com/wp-content/uploads/2025/07/Leadership.jpg","Elementor export","","approved-export","Extracted from authorized wp-content/uploads archive"
"client/public/reference/2025/07/Logo.jpg","authorized uploads archive","Elementor export","","approved-export","Extracted from authorized wp-content/uploads archive"
"client/public/reference/2025/07/MD-CEO-Awards.jpeg","https://retailjewellerindiaforum.com/wp-content/uploads/2025/07/MD-CEO-Awards.jpeg","Elementor export","","approved-export","Extracted from authorized wp-content/uploads archive"
"client/public/reference/2025/07/Retail-Forum-Logo.webp","authorized uploads archive","Elementor export","","approved-export","Extracted from authorized wp-content/uploads archive"
"client/public/reference/2025/07/Slider.jpg","https://retailjewellerindiaforum.com/wp-content/uploads/2025/07/Slider.jpg","Elementor export","","approved-export","Extracted from authorized wp-content/uploads archive"
"client/public/reference/2025/07/south-Forum-Logo.webp","https://retailjewellerindiaforum.com/wp-content/uploads/2025/07/south-Forum-Logo.webp","Elementor export","","approved-export","Extracted from authorized wp-content/uploads archive"
"client/public/reference/2025/07/Speaker.jpg","https://retailjewellerindiaforum.com/wp-content/uploads/2025/07/Speaker.jpg","Elementor export","","approved-export","Extracted from authorized wp-content/uploads archive"
"client/public/reference/2025/07/Vector-10.svg","https://retailjewellerindiaforum.com/wp-content/uploads/2025/07/Vector-10.svg","Elementor export","","approved-export","Extracted from authorized wp-content/uploads archive"
"client/public/reference/2025/07/Zain-Bold.eot","https://retailjewellerindiaforum.com/wp-content/uploads/2025/07/Zain-Bold.eot","Elementor export","","approved-export","Extracted from authorized wp-content/uploads archive"
"client/public/reference/2025/07/Zain-Bold.ttf","https://retailjewellerindiaforum.com/wp-content/uploads/2025/07/Zain-Bold.ttf","Elementor export","","approved-export","Extracted from authorized wp-content/uploads archive"
"client/public/reference/2025/07/Zain-Bold.woff","https://retailjewellerindiaforum.com/wp-content/uploads/2025/07/Zain-Bold.woff","Elementor export","","approved-export","Extracted from authorized wp-content/uploads archive"
"client/public/reference/2025/07/Zain-Bold.woff2","https://retailjewellerindiaforum.com/wp-content/uploads/2025/07/Zain-Bold.woff2","Elementor export","","approved-export","Extracted from authorized wp-content/uploads archive"
"client/public/reference/2025/07/Zain-Regular.eot","https://retailjewellerindiaforum.com/wp-content/uploads/2025/07/Zain-Regular.eot","Elementor export","","approved-export","Extracted from authorized wp-content/uploads archive"
"client/public/reference/2025/07/Zain-Regular.ttf","https://retailjewellerindiaforum.com/wp-content/uploads/2025/07/Zain-Regular.ttf","Elementor export","","approved-export","Extracted from authorized wp-content/uploads archive"
"client/public/reference/2025/07/Zain-Regular.woff","https://retailjewellerindiaforum.com/wp-content/uploads/2025/07/Zain-Regular.woff","Elementor export","","approved-export","Extracted from authorized wp-content/uploads archive"
"client/public/reference/2025/07/Zain-Regular.woff2","https://retailjewellerindiaforum.com/wp-content/uploads/2025/07/Zain-Regular.woff2","Elementor export","","approved-export","Extracted from authorized wp-content/uploads archive"
"client/public/reference/2025/08/8776859c01c9594317f482d3442f24fd94d3ae31.jpg","https://retailjewellerindiaforum.com/wp-content/uploads/2025/08/8776859c01c9594317f482d3442f24fd94d3ae31.jpg","Elementor export","","approved-export","Extracted from authorized wp-content/uploads archive"
"client/public/reference/2025/08/Abhijeet-Lalgondar.jpg","https://retailjewellerindiaforum.com/wp-content/uploads/2025/08/Abhijeet-Lalgondar.jpg","Elementor export","","approved-export","Extracted from authorized wp-content/uploads archive"
"client/public/reference/2025/08/Abhishek-Rastogi.jpg","https://retailjewellerindiaforum.com/wp-content/uploads/2025/08/Abhishek-Rastogi.jpg","Elementor export","","approved-export","Extracted from authorized wp-content/uploads archive"
"client/public/reference/2025/08/Ajoy-Chawla.jpg","https://retailjewellerindiaforum.com/wp-content/uploads/2025/08/Ajoy-Chawla.jpg","Elementor export","","approved-export","Extracted from authorized wp-content/uploads archive"
"client/public/reference/2025/08/Amit-Dhamani.jpg","https://retailjewellerindiaforum.com/wp-content/uploads/2025/08/Amit-Dhamani.jpg","Elementor export","","approved-export","Extracted from authorized wp-content/uploads archive"
"client/public/reference/2025/08/Amrita-Choudhary.jpg","https://retailjewellerindiaforum.com/wp-content/uploads/2025/08/Amrita-Choudhary.jpg","Elementor export","","approved-export","Extracted from authorized wp-content/uploads archive"
"client/public/reference/2025/08/Arti-saxena.jpg","https://retailjewellerindiaforum.com/wp-content/uploads/2025/08/Arti-saxena.jpg","Elementor export","","approved-export","Extracted from authorized wp-content/uploads archive"
"client/public/reference/2025/08/Asheesh-Malhotra.jpg","https://retailjewellerindiaforum.com/wp-content/uploads/2025/08/Asheesh-Malhotra.jpg","Elementor export","","approved-export","Extracted from authorized wp-content/uploads archive"
"client/public/reference/2025/08/Ashwin-Bafna.jpg","https://retailjewellerindiaforum.com/wp-content/uploads/2025/08/Ashwin-Bafna.jpg","Elementor export","","approved-export","Extracted from authorized wp-content/uploads archive"
"client/public/reference/2025/08/Bijou-Kurien.jpg","https://retailjewellerindiaforum.com/wp-content/uploads/2025/08/Bijou-Kurien.jpg","Elementor export","","approved-export","Extracted from authorized wp-content/uploads archive"
"client/public/reference/2025/08/Biplove-Belwal.jpg","https://retailjewellerindiaforum.com/wp-content/uploads/2025/08/Biplove-Belwal.jpg","Elementor export","","approved-export","Extracted from authorized wp-content/uploads archive"
"client/public/reference/2025/08/C.-Vinod-Hayagriv.jpg","https://retailjewellerindiaforum.com/wp-content/uploads/2025/08/C.-Vinod-Hayagriv.jpg","Elementor export","","approved-export","Extracted from authorized wp-content/uploads archive"
"client/public/reference/2025/08/c1f752c1cc8765a4dc3f148ec52602d3de956bc2.webp","https://retailjewellerindiaforum.com/wp-content/uploads/2025/08/c1f752c1cc8765a4dc3f148ec52602d3de956bc2.webp","Elementor export","","approved-export","Extracted from authorized wp-content/uploads archive"
"client/public/reference/2025/08/chetan-kumar-mehta.jpg","https://retailjewellerindiaforum.com/wp-content/uploads/2025/08/chetan-kumar-mehta.jpg","Elementor export","","approved-export","Extracted from authorized wp-content/uploads archive"
"client/public/reference/2025/08/Chirag-Soni.jpg","https://retailjewellerindiaforum.com/wp-content/uploads/2025/08/Chirag-Soni.jpg","Elementor export","","approved-export","Extracted from authorized wp-content/uploads archive"
"client/public/reference/2025/08/Colin-Shah.jpg","https://retailjewellerindiaforum.com/wp-content/uploads/2025/08/Colin-Shah.jpg","Elementor export","","approved-export","Extracted from authorized wp-content/uploads archive"
"client/public/reference/2025/08/d89d518345318e39ca9d7b8165f6cfe684b6faf9.png","https://retailjewellerindiaforum.com/wp-content/uploads/2025/08/d89d518345318e39ca9d7b8165f6cfe684b6faf9.png","Elementor export","","approved-export","Extracted from authorized wp-content/uploads archive"
"client/public/reference/2025/08/Darpan-Anand.jpg","https://retailjewellerindiaforum.com/wp-content/uploads/2025/08/Darpan-Anand.jpg","Elementor export","","approved-export","Extracted from authorized wp-content/uploads archive"
"client/public/reference/2025/08/Dev-Shetty.jpg","https://retailjewellerindiaforum.com/wp-content/uploads/2025/08/Dev-Shetty.jpg","Elementor export","","approved-export","Extracted from authorized wp-content/uploads archive"
"client/public/reference/2025/08/Devang-Shah.jpg","https://retailjewellerindiaforum.com/wp-content/uploads/2025/08/Devang-Shah.jpg","Elementor export","","approved-export","Extracted from authorized wp-content/uploads archive"
"client/public/reference/2025/08/Dhiaan-Shakthi-Srinivasan.jpg","https://retailjewellerindiaforum.com/wp-content/uploads/2025/08/Dhiaan-Shakthi-Srinivasan.jpg","Elementor export","","approved-export","Extracted from authorized wp-content/uploads archive"
"client/public/reference/2025/08/Divyesh-Shah.jpg","https://retailjewellerindiaforum.com/wp-content/uploads/2025/08/Divyesh-Shah.jpg","Elementor export","","approved-export","Extracted from authorized wp-content/uploads archive"
"client/public/reference/2025/08/Forum-Speakers-2025-420px-X-420px-Aditya-Modak.jpg","https://retailjewellerindiaforum.com/wp-content/uploads/2025/08/Forum-Speakers-2025-420px-X-420px-Aditya-Modak.jpg","Elementor export","","approved-export","Extracted from authorized wp-content/uploads archive"
"client/public/reference/2025/08/Forum-Speakers-2025-420px-X-420px-Aishwarya-Priyadarshni-Vummidi.jpg","https://retailjewellerindiaforum.com/wp-content/uploads/2025/08/Forum-Speakers-2025-420px-X-420px-Aishwarya-Priyadarshni-Vummidi.jpg","Elementor export","","approved-export","Extracted from authorized wp-content/uploads archive"
"client/public/reference/2025/08/Forum-Speakers-2025-420px-X-420px-Amit-Bandi.jpg","https://retailjewellerindiaforum.com/wp-content/uploads/2025/08/Forum-Speakers-2025-420px-X-420px-Amit-Bandi.jpg","Elementor export","","approved-export","Extracted from authorized wp-content/uploads archive"
"client/public/reference/2025/08/Forum-Speakers-2025-420px-X-420px-Amit-Pratihari.jpg","https://retailjewellerindiaforum.com/wp-content/uploads/2025/08/Forum-Speakers-2025-420px-X-420px-Amit-Pratihari.jpg","Elementor export","","approved-export","Extracted from authorized wp-content/uploads archive"
"client/public/reference/2025/08/Forum-Speakers-2025-420px-X-420px-Anand-Prakash.jpg","https://retailjewellerindiaforum.com/wp-content/uploads/2025/08/Forum-Speakers-2025-420px-X-420px-Anand-Prakash.jpg","Elementor export","","approved-export","Extracted from authorized wp-content/uploads archive"
"client/public/reference/2025/08/Forum-Speakers-2025-420px-X-420px-Anubha-Anand.jpg","https://retailjewellerindiaforum.com/wp-content/uploads/2025/08/Forum-Speakers-2025-420px-X-420px-Anubha-Anand.jpg","Elementor export","","approved-export","Extracted from authorized wp-content/uploads archive"
"client/public/reference/2025/08/Forum-Speakers-2025-420px-X-420px-Ashish-Pethe.jpg","https://retailjewellerindiaforum.com/wp-content/uploads/2025/08/Forum-Speakers-2025-420px-X-420px-Ashish-Pethe.jpg","Elementor export","","approved-export","Extracted from authorized wp-content/uploads archive"
"client/public/reference/2025/08/Forum-Speakers-2025-420px-X-420px-Astha-Katta-Sirohiya.jpg","https://retailjewellerindiaforum.com/wp-content/uploads/2025/08/Forum-Speakers-2025-420px-X-420px-Astha-Katta-Sirohiya.jpg","Elementor export","","approved-export","Extracted from authorized wp-content/uploads archive"
"client/public/reference/2025/08/Forum-Speakers-2025-420px-X-420px-AVR-Siddhanth.jpg","https://retailjewellerindiaforum.com/wp-content/uploads/2025/08/Forum-Speakers-2025-420px-X-420px-AVR-Siddhanth.jpg","Elementor export","","approved-export","Extracted from authorized wp-content/uploads archive"
"client/public/reference/2025/08/Forum-Speakers-2025-420px-X-420px-Chinmay-Nayak.jpg","https://retailjewellerindiaforum.com/wp-content/uploads/2025/08/Forum-Speakers-2025-420px-X-420px-Chinmay-Nayak.jpg","Elementor export","","approved-export","Extracted from authorized wp-content/uploads archive"
"client/public/reference/2025/08/Forum-Speakers-2025-420px-X-420px-Deepak-Tulsian.jpg","https://retailjewellerindiaforum.com/wp-content/uploads/2025/08/Forum-Speakers-2025-420px-X-420px-Deepak-Tulsian.jpg","Elementor export","","approved-export","Extracted from authorized wp-content/uploads archive"
"client/public/reference/2025/08/Forum-Speakers-2025-420px-X-420px-Dipu-Mehta.jpg","https://retailjewellerindiaforum.com/wp-content/uploads/2025/08/Forum-Speakers-2025-420px-X-420px-Dipu-Mehta.jpg","Elementor export","","approved-export","Extracted from authorized wp-content/uploads archive"
"client/public/reference/2025/08/Forum-Speakers-2025-420px-X-420px-Dr.-Sanjay-Kalsi.jpg","https://retailjewellerindiaforum.com/wp-content/uploads/2025/08/Forum-Speakers-2025-420px-X-420px-Dr.-Sanjay-Kalsi.jpg","Elementor export","","approved-export","Extracted from authorized wp-content/uploads archive"
"client/public/reference/2025/08/Forum-Speakers-2025-420px-X-420px-Neerav-Challa.jpg","https://retailjewellerindiaforum.com/wp-content/uploads/2025/08/Forum-Speakers-2025-420px-X-420px-Neerav-Challa.jpg","Elementor export","","approved-export","Extracted from authorized wp-content/uploads archive"
"client/public/reference/2025/08/Forum-Speakers-2025-420px-X-420px-Nidhi-Soni.jpg","https://retailjewellerindiaforum.com/wp-content/uploads/2025/08/Forum-Speakers-2025-420px-X-420px-Nidhi-Soni.jpg","Elementor export","","approved-export","Extracted from authorized wp-content/uploads archive"
"client/public/reference/2025/08/Forum-Speakers-2025-420px-X-420px-Nikita-Prasad.jpg","https://retailjewellerindiaforum.com/wp-content/uploads/2025/08/Forum-Speakers-2025-420px-X-420px-Nikita-Prasad.jpg","Elementor export","","approved-export","Extracted from authorized wp-content/uploads archive"
"client/public/reference/2025/08/Forum-Speakers-2025-420px-X-420px-Nilesh-Rathod.jpg","https://retailjewellerindiaforum.com/wp-content/uploads/2025/08/Forum-Speakers-2025-420px-X-420px-Nilesh-Rathod.jpg","Elementor export","","approved-export","Extracted from authorized wp-content/uploads archive"
"client/public/reference/2025/08/Forum-Speakers-2025-420px-X-420px-Nitin-Jain.jpg","https://retailjewellerindiaforum.com/wp-content/uploads/2025/08/Forum-Speakers-2025-420px-X-420px-Nitin-Jain.jpg","Elementor export","","approved-export","Extracted from authorized wp-content/uploads archive"
"client/public/reference/2025/08/Forum-Speakers-2025-420px-X-420px-Pallavi-Mohadikar-Patwari.jpg","https://retailjewellerindiaforum.com/wp-content/uploads/2025/08/Forum-Speakers-2025-420px-X-420px-Pallavi-Mohadikar-Patwari.jpg","Elementor export","","approved-export","Extracted from authorized wp-content/uploads archive"
"client/public/reference/2025/08/Forum-Speakers-2025-420px-X-420px-Pooja-Sheth-Madhavan.jpg","https://retailjewellerindiaforum.com/wp-content/uploads/2025/08/Forum-Speakers-2025-420px-X-420px-Pooja-Sheth-Madhavan.jpg","Elementor export","","approved-export","Extracted from authorized wp-content/uploads archive"
"client/public/reference/2025/08/Forum-Speakers-2025-420px-X-420px-Praveen-Govindu.jpg","https://retailjewellerindiaforum.com/wp-content/uploads/2025/08/Forum-Speakers-2025-420px-X-420px-Praveen-Govindu.jpg","Elementor export","","approved-export","Extracted from authorized wp-content/uploads archive"
"client/public/reference/2025/08/Forum-Speakers-2025-420px-X-420px-Rahul-Luthra.jpg","https://retailjewellerindiaforum.com/wp-content/uploads/2025/08/Forum-Speakers-2025-420px-X-420px-Rahul-Luthra.jpg","Elementor export","","approved-export","Extracted from authorized wp-content/uploads archive"
"client/public/reference/2025/08/Forum-Speakers-2025-420px-X-420px-Sachin-Jain.jpg","https://retailjewellerindiaforum.com/wp-content/uploads/2025/08/Forum-Speakers-2025-420px-X-420px-Sachin-Jain.jpg","Elementor export","","approved-export","Extracted from authorized wp-content/uploads archive"
"client/public/reference/2025/08/Forum-Speakers-2025-420px-X-420px-Saloni-Chopra.jpg","https://retailjewellerindiaforum.com/wp-content/uploads/2025/08/Forum-Speakers-2025-420px-X-420px-Saloni-Chopra.jpg","Elementor export","","approved-export","Extracted from authorized wp-content/uploads archive"
"client/public/reference/2025/08/Forum-Speakers-2025-420px-X-420px-Sandeep-Kohli.jpg","https://retailjewellerindiaforum.com/wp-content/uploads/2025/08/Forum-Speakers-2025-420px-X-420px-Sandeep-Kohli.jpg","Elementor export","","approved-export","Extracted from authorized wp-content/uploads archive"
"client/public/reference/2025/08/Forum-Speakers-2025-420px-X-420px-Saurabh-Gadgil.jpg","https://retailjewellerindiaforum.com/wp-content/uploads/2025/08/Forum-Speakers-2025-420px-X-420px-Saurabh-Gadgil.jpg","Elementor export","","approved-export","Extracted from authorized wp-content/uploads archive"
"client/public/reference/2025/08/Forum-Speakers-2025-420px-X-420px-Sumeet-Khimji.jpg","https://retailjewellerindiaforum.com/wp-content/uploads/2025/08/Forum-Speakers-2025-420px-X-420px-Sumeet-Khimji.jpg","Elementor export","","approved-export","Extracted from authorized wp-content/uploads archive"
"client/public/reference/2025/08/Forum-Speakers-2025-420px-X-420px-Thomas-Mathew.jpg","https://retailjewellerindiaforum.com/wp-content/uploads/2025/08/Forum-Speakers-2025-420px-X-420px-Thomas-Mathew.jpg","Elementor export","","approved-export","Extracted from authorized wp-content/uploads archive"
"client/public/reference/2025/08/Forum-Speakers-2025-420px-X-420px-Varghese-Alukkas.jpg","https://retailjewellerindiaforum.com/wp-content/uploads/2025/08/Forum-Speakers-2025-420px-X-420px-Varghese-Alukkas.jpg","Elementor export","","approved-export","Extracted from authorized wp-content/uploads archive"
"client/public/reference/2025/08/Forum-Speakers-2025-420px-X-420px-Vastupal-Ranka.jpg","https://retailjewellerindiaforum.com/wp-content/uploads/2025/08/Forum-Speakers-2025-420px-X-420px-Vastupal-Ranka.jpg","Elementor export","","approved-export","Extracted from authorized wp-content/uploads archive"
"client/public/reference/2025/08/FORUM.png","https://retailjewellerindiaforum.com/wp-content/uploads/2025/08/FORUM.png","Elementor export","","approved-export","Extracted from authorized wp-content/uploads archive"
"client/public/reference/2025/08/Ganesh-Subramanian.jpg","https://retailjewellerindiaforum.com/wp-content/uploads/2025/08/Ganesh-Subramanian.jpg","Elementor export","","approved-export","Extracted from authorized wp-content/uploads archive"
"client/public/reference/2025/08/Gaurav-Anand.jpg","https://retailjewellerindiaforum.com/wp-content/uploads/2025/08/Gaurav-Anand.jpg","Elementor export","","approved-export","Extracted from authorized wp-content/uploads archive"
"client/public/reference/2025/08/Gurukeerthi-Gurunathan.jpg","https://retailjewellerindiaforum.com/wp-content/uploads/2025/08/Gurukeerthi-Gurunathan.jpg","Elementor export","","approved-export","Extracted from authorized wp-content/uploads archive"
"client/public/reference/2025/08/Harshad-Ajoomal.jpg","https://retailjewellerindiaforum.com/wp-content/uploads/2025/08/Harshad-Ajoomal.jpg","Elementor export","","approved-export","Extracted from authorized wp-content/uploads archive"
"client/public/reference/2025/08/Hozefa-Attari.jpg","https://retailjewellerindiaforum.com/wp-content/uploads/2025/08/Hozefa-Attari.jpg","Elementor export","","approved-export","Extracted from authorized wp-content/uploads archive"
"client/public/reference/2025/08/Jignesh-Mehta.jpg","https://retailjewellerindiaforum.com/wp-content/uploads/2025/08/Jignesh-Mehta.jpg","Elementor export","","approved-export","Extracted from authorized wp-content/uploads archive"
"client/public/reference/2025/08/Jithendra-Vummidi.jpg","https://retailjewellerindiaforum.com/wp-content/uploads/2025/08/Jithendra-Vummidi.jpg","Elementor export","","approved-export","Extracted from authorized wp-content/uploads archive"
"client/public/reference/2025/08/Kailash-Kabra.jpg","https://retailjewellerindiaforum.com/wp-content/uploads/2025/08/Kailash-Kabra.jpg","Elementor export","","approved-export","Extracted from authorized wp-content/uploads archive"
"client/public/reference/2025/08/Karan-Jagani-Founder-Jwero.jpg","https://retailjewellerindiaforum.com/wp-content/uploads/2025/08/Karan-Jagani-Founder-Jwero.jpg","Elementor export","","approved-export","Extracted from authorized wp-content/uploads archive"
"client/public/reference/2025/08/Ketan-Choksi.jpg","https://retailjewellerindiaforum.com/wp-content/uploads/2025/08/Ketan-Choksi.jpg","Elementor export","","approved-export","Extracted from authorized wp-content/uploads archive"
"client/public/reference/2025/08/Kinnari-Sanghvi-Jeetu-and-Kinnari-Photography-and-Films.jpeg","https://retailjewellerindiaforum.com/wp-content/uploads/2025/08/Kinnari-Sanghvi-Jeetu-and-Kinnari-Photography-and-Films.jpeg","Elementor export","","approved-export","Extracted from authorized wp-content/uploads archive"
"client/public/reference/2025/08/Kiran-Shinde.jpg","https://retailjewellerindiaforum.com/wp-content/uploads/2025/08/Kiran-Shinde.jpg","Elementor export","","approved-export","Extracted from authorized wp-content/uploads archive"
"client/public/reference/2025/08/Latika-Khanna.jpg","https://retailjewellerindiaforum.com/wp-content/uploads/2025/08/Latika-Khanna.jpg","Elementor export","","approved-export","Extracted from authorized wp-content/uploads archive"
"client/public/reference/2025/08/Matthieu-Rochette.jpg","https://retailjewellerindiaforum.com/wp-content/uploads/2025/08/Matthieu-Rochette.jpg","Elementor export","","approved-export","Extracted from authorized wp-content/uploads archive"
"client/public/reference/2025/08/MD-CEO-AWARD.png","https://retailjewellerindiaforum.com/wp-content/uploads/2025/08/MD-CEO-AWARD.png","Elementor export","","approved-export","Extracted from authorized wp-content/uploads archive"
"client/public/reference/2025/08/Meethi-Surana.jpg","https://retailjewellerindiaforum.com/wp-content/uploads/2025/08/Meethi-Surana.jpg","Elementor export","","approved-export","Extracted from authorized wp-content/uploads archive"
"client/public/reference/2025/08/Meghna-Saraogi.jpg","https://retailjewellerindiaforum.com/wp-content/uploads/2025/08/Meghna-Saraogi.jpg","Elementor export","","approved-export","Extracted from authorized wp-content/uploads archive"
"client/public/reference/2025/08/Milit-Agarwal.jpg","https://retailjewellerindiaforum.com/wp-content/uploads/2025/08/Milit-Agarwal.jpg","Elementor export","","approved-export","Extracted from authorized wp-content/uploads archive"
"client/public/reference/2025/08/Mohak-Gupta.jpg","https://retailjewellerindiaforum.com/wp-content/uploads/2025/08/Mohak-Gupta.jpg","Elementor export","","approved-export","Extracted from authorized wp-content/uploads archive"
"client/public/reference/2025/08/Mohammed-Dilshad.jpg","https://retailjewellerindiaforum.com/wp-content/uploads/2025/08/Mohammed-Dilshad.jpg","Elementor export","","approved-export","Extracted from authorized wp-content/uploads archive"
"client/public/reference/2025/08/N.-Anantha-Padmanaban.jpg","https://retailjewellerindiaforum.com/wp-content/uploads/2025/08/N.-Anantha-Padmanaban.jpg","Elementor export","","approved-export","Extracted from authorized wp-content/uploads archive"
"client/public/reference/2025/08/Narendra-Motwani.jpg","https://retailjewellerindiaforum.com/wp-content/uploads/2025/08/Narendra-Motwani.jpg","Elementor export","","approved-export","Extracted from authorized wp-content/uploads archive"
"client/public/reference/2025/08/Navin-Jashnani.jpg","https://retailjewellerindiaforum.com/wp-content/uploads/2025/08/Navin-Jashnani.jpg","Elementor export","","approved-export","Extracted from authorized wp-content/uploads archive"
"client/public/reference/2025/08/Navin-Sadarangani.jpg","https://retailjewellerindiaforum.com/wp-content/uploads/2025/08/Navin-Sadarangani.jpg","Elementor export","","approved-export","Extracted from authorized wp-content/uploads archive"
"client/public/reference/2025/08/Nilesh-Rathod-Founder-CEO-Atmosphere.jpg","https://retailjewellerindiaforum.com/wp-content/uploads/2025/08/Nilesh-Rathod-Founder-CEO-Atmosphere.jpg","Elementor export","","approved-export","Extracted from authorized wp-content/uploads archive"
"client/public/reference/2025/08/Nirakar-Chand.jpg","https://retailjewellerindiaforum.com/wp-content/uploads/2025/08/Nirakar-Chand.jpg","Elementor export","","approved-export","Extracted from authorized wp-content/uploads archive"
"client/public/reference/2025/08/Niranjan-Sridharan.jpg","https://retailjewellerindiaforum.com/wp-content/uploads/2025/08/Niranjan-Sridharan.jpg","Elementor export","","approved-export","Extracted from authorized wp-content/uploads archive"
"client/public/reference/2025/08/Nishtashri-Srinivasan.jpg","https://retailjewellerindiaforum.com/wp-content/uploads/2025/08/Nishtashri-Srinivasan.jpg","Elementor export","","approved-export","Extracted from authorized wp-content/uploads archive"
"client/public/reference/2025/08/P-Vishwanath.jpg","https://retailjewellerindiaforum.com/wp-content/uploads/2025/08/P-Vishwanath.jpg","Elementor export","","approved-export","Extracted from authorized wp-content/uploads archive"
"client/public/reference/2025/08/Parag-Agrawal.jpg","https://retailjewellerindiaforum.com/wp-content/uploads/2025/08/Parag-Agrawal.jpg","Elementor export","","approved-export","Extracted from authorized wp-content/uploads archive"
"client/public/reference/2025/08/Poonam-Soni.jpg","https://retailjewellerindiaforum.com/wp-content/uploads/2025/08/Poonam-Soni.jpg","Elementor export","","approved-export","Extracted from authorized wp-content/uploads archive"
"client/public/reference/2025/08/Prabhat-Shekhar.jpg","https://retailjewellerindiaforum.com/wp-content/uploads/2025/08/Prabhat-Shekhar.jpg","Elementor export","","approved-export","Extracted from authorized wp-content/uploads archive"
"client/public/reference/2025/08/Pramod-Agrawal.jpg","https://retailjewellerindiaforum.com/wp-content/uploads/2025/08/Pramod-Agrawal.jpg","Elementor export","","approved-export","Extracted from authorized wp-content/uploads archive"
"client/public/reference/2025/08/Pranay-Narvekar.jpg","https://retailjewellerindiaforum.com/wp-content/uploads/2025/08/Pranay-Narvekar.jpg","Elementor export","","approved-export","Extracted from authorized wp-content/uploads archive"
"client/public/reference/2025/08/Prasannan-B.jpg","https://retailjewellerindiaforum.com/wp-content/uploads/2025/08/Prasannan-B.jpg","Elementor export","","approved-export","Extracted from authorized wp-content/uploads archive"
"client/public/reference/2025/08/Pratap-Kamath.jpg","https://retailjewellerindiaforum.com/wp-content/uploads/2025/08/Pratap-Kamath.jpg","Elementor export","","approved-export","Extracted from authorized wp-content/uploads archive"
"client/public/reference/2025/08/Priyesh-Nagar.jpg","https://retailjewellerindiaforum.com/wp-content/uploads/2025/08/Priyesh-Nagar.jpg","Elementor export","","approved-export","Extracted from authorized wp-content/uploads archive"
"client/public/reference/2025/08/Prof.-Piyush-Kumar-Sinha.jpg","https://retailjewellerindiaforum.com/wp-content/uploads/2025/08/Prof.-Piyush-Kumar-Sinha.jpg","Elementor export","","approved-export","Extracted from authorized wp-content/uploads archive"
"client/public/reference/2025/08/Raghav-Meghraj-1.jpg","https://retailjewellerindiaforum.com/wp-content/uploads/2025/08/Raghav-Meghraj-1.jpg","Elementor export","","approved-export","Extracted from authorized wp-content/uploads archive"
"client/public/reference/2025/08/Rahuel-Stone.jpg","https://retailjewellerindiaforum.com/wp-content/uploads/2025/08/Rahuel-Stone.jpg","Elementor export","","approved-export","Extracted from authorized wp-content/uploads archive"
"client/public/reference/2025/08/Raj-Parakh.jpg","https://retailjewellerindiaforum.com/wp-content/uploads/2025/08/Raj-Parakh.jpg","Elementor export","","approved-export","Extracted from authorized wp-content/uploads archive"
"client/public/reference/2025/08/Rajesh-Kalyanaraman.jpg","https://retailjewellerindiaforum.com/wp-content/uploads/2025/08/Rajesh-Kalyanaraman.jpg","Elementor export","","approved-export","Extracted from authorized wp-content/uploads archive"
"client/public/reference/2025/08/Rajiv-Popley.jpg","https://retailjewellerindiaforum.com/wp-content/uploads/2025/08/Rajiv-Popley.jpg","Elementor export","","approved-export","Extracted from authorized wp-content/uploads archive"
"client/public/reference/2025/08/Ramesh-Narang.jpg","https://retailjewellerindiaforum.com/wp-content/uploads/2025/08/Ramesh-Narang.jpg","Elementor export","","approved-export","Extracted from authorized wp-content/uploads archive"
"client/public/reference/2025/08/Richa-Singh.jpg","https://retailjewellerindiaforum.com/wp-content/uploads/2025/08/Richa-Singh.jpg","Elementor export","","approved-export","Extracted from authorized wp-content/uploads archive"
"client/public/reference/2025/08/Rishikesh-Trivedi.jpg","https://retailjewellerindiaforum.com/wp-content/uploads/2025/08/Rishikesh-Trivedi.jpg","Elementor export","","approved-export","Extracted from authorized wp-content/uploads archive"
"client/public/reference/2025/08/Rohit-Hudke.jpg","https://retailjewellerindiaforum.com/wp-content/uploads/2025/08/Rohit-Hudke.jpg","Elementor export","","approved-export","Extracted from authorized wp-content/uploads archive"
"client/public/reference/2025/08/Rohit-Karnik-Iris-RFID.jpg","https://retailjewellerindiaforum.com/wp-content/uploads/2025/08/Rohit-Karnik-Iris-RFID.jpg","Elementor export","","approved-export","Extracted from authorized wp-content/uploads archive"
"client/public/reference/2025/08/Rupak-Sen.jpg","https://retailjewellerindiaforum.com/wp-content/uploads/2025/08/Rupak-Sen.jpg","Elementor export","","approved-export","Extracted from authorized wp-content/uploads archive"
"client/public/reference/2025/08/Rupesh-Jain.jpg","https://retailjewellerindiaforum.com/wp-content/uploads/2025/08/Rupesh-Jain.jpg","Elementor export","","approved-export","Extracted from authorized wp-content/uploads archive"
"client/public/reference/2025/08/Sabyasachi-Ray.jpg","https://retailjewellerindiaforum.com/wp-content/uploads/2025/08/Sabyasachi-Ray.jpg","Elementor export","","approved-export","Extracted from authorized wp-content/uploads archive"
"client/public/reference/2025/08/Saket-Shrikant-Studio-369.jpeg","https://retailjewellerindiaforum.com/wp-content/uploads/2025/08/Saket-Shrikant-Studio-369.jpeg","Elementor export","","approved-export","Extracted from authorized wp-content/uploads archive"
"client/public/reference/2025/08/Salish-Mathew.jpg","https://retailjewellerindiaforum.com/wp-content/uploads/2025/08/Salish-Mathew.jpg","Elementor export","","approved-export","Extracted from authorized wp-content/uploads archive"
"client/public/reference/2025/08/Sami-Eid.jpg","https://retailjewellerindiaforum.com/wp-content/uploads/2025/08/Sami-Eid.jpg","Elementor export","","approved-export","Extracted from authorized wp-content/uploads archive"
"client/public/reference/2025/08/Samir-Sagar.jpg","https://retailjewellerindiaforum.com/wp-content/uploads/2025/08/Samir-Sagar.jpg","Elementor export","","approved-export","Extracted from authorized wp-content/uploads archive"
"client/public/reference/2025/08/Samit-Bhatta.jpg","https://retailjewellerindiaforum.com/wp-content/uploads/2025/08/Samit-Bhatta.jpg","Elementor export","","approved-export","Extracted from authorized wp-content/uploads archive"
"client/public/reference/2025/08/Samuel-E.-Jansen.jpg","https://retailjewellerindiaforum.com/wp-content/uploads/2025/08/Samuel-E.-Jansen.jpg","Elementor export","","approved-export","Extracted from authorized wp-content/uploads archive"
"client/public/reference/2025/08/Sandeep-Ranade.jpg","https://retailjewellerindiaforum.com/wp-content/uploads/2025/08/Sandeep-Ranade.jpg","Elementor export","","approved-export","Extracted from authorized wp-content/uploads archive"
"client/public/reference/2025/08/Sanjeev-Agarwal.jpg","https://retailjewellerindiaforum.com/wp-content/uploads/2025/08/Sanjeev-Agarwal.jpg","Elementor export","","approved-export","Extracted from authorized wp-content/uploads archive"
"client/public/reference/2025/08/Sankalp-Goyal.jpg","https://retailjewellerindiaforum.com/wp-content/uploads/2025/08/Sankalp-Goyal.jpg","Elementor export","","approved-export","Extracted from authorized wp-content/uploads archive"
"client/public/reference/2025/08/Satvik-Kamath.jpg","https://retailjewellerindiaforum.com/wp-content/uploads/2025/08/Satvik-Kamath.jpg","Elementor export","","approved-export","Extracted from authorized wp-content/uploads archive"
"client/public/reference/2025/08/Saumitra-Saraf.jpg","https://retailjewellerindiaforum.com/wp-content/uploads/2025/08/Saumitra-Saraf.jpg","Elementor export","","approved-export","Extracted from authorized wp-content/uploads archive"
"client/public/reference/2025/08/Screenshot-2025-08-20-173745-1.png","https://retailjewellerindiaforum.com/wp-content/uploads/2025/08/Screenshot-2025-08-20-173745-1.png","Elementor export","","approved-export","Extracted from authorized wp-content/uploads archive"
"client/public/reference/2025/08/Seema-Mehta.jpg","https://retailjewellerindiaforum.com/wp-content/uploads/2025/08/Seema-Mehta.jpg","Elementor export","","approved-export","Extracted from authorized wp-content/uploads archive"
"client/public/reference/2025/08/Shaankar-Sen.jpg","https://retailjewellerindiaforum.com/wp-content/uploads/2025/08/Shaankar-Sen.jpg","Elementor export","","approved-export","Extracted from authorized wp-content/uploads archive"
"client/public/reference/2025/08/Shailen-Mehta.jpg","https://retailjewellerindiaforum.com/wp-content/uploads/2025/08/Shailen-Mehta.jpg","Elementor export","","approved-export","Extracted from authorized wp-content/uploads archive"
"client/public/reference/2025/08/Shailesh-Sangani.jpg","https://retailjewellerindiaforum.com/wp-content/uploads/2025/08/Shailesh-Sangani.jpg","Elementor export","","approved-export","Extracted from authorized wp-content/uploads archive"
"client/public/reference/2025/08/shape.webp","https://retailjewellerindiaforum.com/wp-content/uploads/2025/08/shape.webp","Elementor export","","approved-export","Extracted from authorized wp-content/uploads archive"
"client/public/reference/2025/08/Shivanshu-Mehta.jpg","https://retailjewellerindiaforum.com/wp-content/uploads/2025/08/Shivanshu-Mehta.jpg","Elementor export","","approved-export","Extracted from authorized wp-content/uploads archive"
"client/public/reference/2025/08/Siddharthaa-Sawansukha.jpg","https://retailjewellerindiaforum.com/wp-content/uploads/2025/08/Siddharthaa-Sawansukha.jpg","Elementor export","","approved-export","Extracted from authorized wp-content/uploads archive"
"client/public/reference/2025/08/Soma-Bhatta.jpg","https://retailjewellerindiaforum.com/wp-content/uploads/2025/08/Soma-Bhatta.jpg","Elementor export","","approved-export","Extracted from authorized wp-content/uploads archive"
"client/public/reference/2025/08/Sonali-Shah-Sheth.jpg","https://retailjewellerindiaforum.com/wp-content/uploads/2025/08/Sonali-Shah-Sheth.jpg","Elementor export","","approved-export","Extracted from authorized wp-content/uploads archive"
"client/public/reference/2025/08/STALL.png","https://retailjewellerindiaforum.com/wp-content/uploads/2025/08/STALL.png","Elementor export","","approved-export","Extracted from authorized wp-content/uploads archive"
"client/public/reference/2025/08/Sunil-Nayak.jpg","https://retailjewellerindiaforum.com/wp-content/uploads/2025/08/Sunil-Nayak.jpg","Elementor export","","approved-export","Extracted from authorized wp-content/uploads archive"
"client/public/reference/2025/08/Tanvi-Singhi.jpg","https://retailjewellerindiaforum.com/wp-content/uploads/2025/08/Tanvi-Singhi.jpg","Elementor export","","approved-export","Extracted from authorized wp-content/uploads archive"
"client/public/reference/2025/08/Vijay-Davanam.jpg","https://retailjewellerindiaforum.com/wp-content/uploads/2025/08/Vijay-Davanam.jpg","Elementor export","","approved-export","Extracted from authorized wp-content/uploads archive"
"client/public/reference/2025/08/Vijay-Jain.jpg","https://retailjewellerindiaforum.com/wp-content/uploads/2025/08/Vijay-Jain.jpg","Elementor export","","approved-export","Extracted from authorized wp-content/uploads archive"
"client/public/reference/2025/08/Vikas-Kataria.jpg","https://retailjewellerindiaforum.com/wp-content/uploads/2025/08/Vikas-Kataria.jpg","Elementor export","","approved-export","Extracted from authorized wp-content/uploads archive"
"client/public/reference/2025/08/Vivek-Das.jpg","https://retailjewellerindiaforum.com/wp-content/uploads/2025/08/Vivek-Das.jpg","Elementor export","","approved-export","Extracted from authorized wp-content/uploads archive"
"client/public/reference/2025/11/A-Shivaram-Retail-Gurukul.jpeg","https://retailjewellerindiaforum.com/wp-content/uploads/2025/11/A-Shivaram-Retail-Gurukul.jpeg","Elementor export","","approved-export","Extracted from authorized wp-content/uploads archive"
"client/public/reference/2025/11/Akshay-Sebastian-Mattathil-MOD-Jewellers.jpeg","https://retailjewellerindiaforum.com/wp-content/uploads/2025/11/Akshay-Sebastian-Mattathil-MOD-Jewellers.jpeg","Elementor export","","approved-export","Extracted from authorized wp-content/uploads archive"
"client/public/reference/2025/11/Chaitanya-V-Cotha.jpeg","https://retailjewellerindiaforum.com/wp-content/uploads/2025/11/Chaitanya-V-Cotha.jpeg","Elementor export","","approved-export","Extracted from authorized wp-content/uploads archive"
"client/public/reference/2025/11/Chetan-G-R-Arnav-Co.jpeg","https://retailjewellerindiaforum.com/wp-content/uploads/2025/11/Chetan-G-R-Arnav-Co.jpeg","Elementor export","","approved-export","Extracted from authorized wp-content/uploads archive"
"client/public/reference/2025/11/Chetan-Mehta-2.jpeg","https://retailjewellerindiaforum.com/wp-content/uploads/2025/11/Chetan-Mehta-2.jpeg","Elementor export","","approved-export","Extracted from authorized wp-content/uploads archive"
"client/public/reference/2025/11/Gurmukh-Singh-2.jpeg","https://retailjewellerindiaforum.com/wp-content/uploads/2025/11/Gurmukh-Singh-2.jpeg","Elementor export","","approved-export","Extracted from authorized wp-content/uploads archive"
"client/public/reference/2025/11/Harini-Nevedha-R.jpeg","https://retailjewellerindiaforum.com/wp-content/uploads/2025/11/Harini-Nevedha-R.jpeg","Elementor export","","approved-export","Extracted from authorized wp-content/uploads archive"
"client/public/reference/2025/11/Keshava-Prasad-Muliya.jpeg","https://retailjewellerindiaforum.com/wp-content/uploads/2025/11/Keshava-Prasad-Muliya.jpeg","Elementor export","","approved-export","Extracted from authorized wp-content/uploads archive"
"client/public/reference/2025/11/Navya-Suhas-Bhima-Ornaments.jpeg","https://retailjewellerindiaforum.com/wp-content/uploads/2025/11/Navya-Suhas-Bhima-Ornaments.jpeg","Elementor export","","approved-export","Extracted from authorized wp-content/uploads archive"
"client/public/reference/2025/11/Neeraj-Kumar-Surajbhan-Jewellers_.jpeg","https://retailjewellerindiaforum.com/wp-content/uploads/2025/11/Neeraj-Kumar-Surajbhan-Jewellers_.jpeg","Elementor export","","approved-export","Extracted from authorized wp-content/uploads archive"
"client/public/reference/2025/11/Nishanth-dinesh-2.jpeg","https://retailjewellerindiaforum.com/wp-content/uploads/2025/11/Nishanth-dinesh-2.jpeg","Elementor export","","approved-export","Extracted from authorized wp-content/uploads archive"
"client/public/reference/2025/11/Pankaj-Chetan.jpeg","https://retailjewellerindiaforum.com/wp-content/uploads/2025/11/Pankaj-Chetan.jpeg","Elementor export","","approved-export","Extracted from authorized wp-content/uploads archive"
"client/public/reference/2025/11/Prem-Sunny.jpeg","https://retailjewellerindiaforum.com/wp-content/uploads/2025/11/Prem-Sunny.jpeg","Elementor export","","approved-export","Extracted from authorized wp-content/uploads archive"
"client/public/reference/2025/11/priyanka-vemuluri.jpeg","https://retailjewellerindiaforum.com/wp-content/uploads/2025/11/priyanka-vemuluri.jpeg","Elementor export","","approved-export","Extracted from authorized wp-content/uploads archive"
"client/public/reference/2025/11/Sridevi-Reddy.jpeg","https://retailjewellerindiaforum.com/wp-content/uploads/2025/11/Sridevi-Reddy.jpeg","Elementor export","","approved-export","Extracted from authorized wp-content/uploads archive"
"client/public/reference/2025/11/Sudhir-Kapoor-of-Bhima-Jewellers-New-topaz-enhance-4x-faceai.jpeg","https://retailjewellerindiaforum.com/wp-content/uploads/2025/11/Sudhir-Kapoor-of-Bhima-Jewellers-New-topaz-enhance-4x-faceai.jpeg","Elementor export","","approved-export","Extracted from authorized wp-content/uploads archive"
"client/public/reference/2025/11/Suhas-Rao.jpeg","https://retailjewellerindiaforum.com/wp-content/uploads/2025/11/Suhas-Rao.jpeg","Elementor export","","approved-export","Extracted from authorized wp-content/uploads archive"
"client/public/reference/2025/11/Sultan-Mohideen-topaz-enhance-4x-faceai.jpeg","https://retailjewellerindiaforum.com/wp-content/uploads/2025/11/Sultan-Mohideen-topaz-enhance-4x-faceai.jpeg","Elementor export","","approved-export","Extracted from authorized wp-content/uploads archive"
"client/public/reference/2025/11/Vikranth-Kocher-IMG-20240401-WA0007.jpeg","https://retailjewellerindiaforum.com/wp-content/uploads/2025/11/Vikranth-Kocher-IMG-20240401-WA0007.jpeg","Elementor export","","approved-export","Extracted from authorized wp-content/uploads archive"
"client/public/reference/2025/12/Aayush-Khurana.png","https://retailjewellerindiaforum.com/wp-content/uploads/2025/12/Aayush-Khurana.png","Elementor export","","approved-export","Extracted from authorized wp-content/uploads archive"
"client/public/reference/2025/12/Abhishek-Raniwala.png","https://retailjewellerindiaforum.com/wp-content/uploads/2025/12/Abhishek-Raniwala.png","Elementor export","","approved-export","Extracted from authorized wp-content/uploads archive"
"client/public/reference/2025/12/Ajay-Maurya.png","https://retailjewellerindiaforum.com/wp-content/uploads/2025/12/Ajay-Maurya.png","Elementor export","","approved-export","Extracted from authorized wp-content/uploads archive"
"client/public/reference/2025/12/Ajith.png","https://retailjewellerindiaforum.com/wp-content/uploads/2025/12/Ajith.png","Elementor export","","approved-export","Extracted from authorized wp-content/uploads archive"
"client/public/reference/2025/12/Akash-Diwan.png","https://retailjewellerindiaforum.com/wp-content/uploads/2025/12/Akash-Diwan.png","Elementor export","","approved-export","Extracted from authorized wp-content/uploads archive"
"client/public/reference/2025/12/Aviral-Prakash.png","https://retailjewellerindiaforum.com/wp-content/uploads/2025/12/Aviral-Prakash.png","Elementor export","","approved-export","Extracted from authorized wp-content/uploads archive"
"client/public/reference/2025/12/Biren-Vaidya.png","https://retailjewellerindiaforum.com/wp-content/uploads/2025/12/Biren-Vaidya.png","Elementor export","","approved-export","Extracted from authorized wp-content/uploads archive"
"client/public/reference/2025/12/Felicitation-banner-copy.jpg","https://retailjewellerindiaforum.com/wp-content/uploads/2025/12/Felicitation-banner-copy.jpg","Elementor export","","approved-export","Extracted from authorized wp-content/uploads archive"
"client/public/reference/2025/12/Manika-Jain.png","https://retailjewellerindiaforum.com/wp-content/uploads/2025/12/Manika-Jain.png","Elementor export","","approved-export","Extracted from authorized wp-content/uploads archive"
"client/public/reference/2025/12/Manish-Gulechha.png","https://retailjewellerindiaforum.com/wp-content/uploads/2025/12/Manish-Gulechha.png","Elementor export","","approved-export","Extracted from authorized wp-content/uploads archive"
"client/public/reference/2025/12/Neerav-Challa.png","https://retailjewellerindiaforum.com/wp-content/uploads/2025/12/Neerav-Challa.png","Elementor export","","approved-export","Extracted from authorized wp-content/uploads archive"
"client/public/reference/2025/12/Neil-Sonawala.png","https://retailjewellerindiaforum.com/wp-content/uploads/2025/12/Neil-Sonawala.png","Elementor export","","approved-export","Extracted from authorized wp-content/uploads archive"
"client/public/reference/2025/12/Oushnik-Chandra.png","https://retailjewellerindiaforum.com/wp-content/uploads/2025/12/Oushnik-Chandra.png","Elementor export","","approved-export","Extracted from authorized wp-content/uploads archive"
"client/public/reference/2025/12/Prabakaran-Radhakrishnan.png","https://retailjewellerindiaforum.com/wp-content/uploads/2025/12/Prabakaran-Radhakrishnan.png","Elementor export","","approved-export","Extracted from authorized wp-content/uploads archive"
"client/public/reference/2025/12/Riva-Dhir.png","https://retailjewellerindiaforum.com/wp-content/uploads/2025/12/Riva-Dhir.png","Elementor export","","approved-export","Extracted from authorized wp-content/uploads archive"
"client/public/reference/2025/12/Saurabh-Gadgil.png","https://retailjewellerindiaforum.com/wp-content/uploads/2025/12/Saurabh-Gadgil.png","Elementor export","","approved-export","Extracted from authorized wp-content/uploads archive"
"client/public/reference/2025/12/Shradha-Keshri.png","https://retailjewellerindiaforum.com/wp-content/uploads/2025/12/Shradha-Keshri.png","Elementor export","","approved-export","Extracted from authorized wp-content/uploads archive"
"client/public/reference/2025/12/Shweta-Harit.jpeg","https://retailjewellerindiaforum.com/wp-content/uploads/2025/12/Shweta-Harit.jpeg","Elementor export","","approved-export","Extracted from authorized wp-content/uploads archive"
"client/public/reference/2025/12/WhatsApp-Image-2025-12-08-at-18.27.43.jpeg","https://retailjewellerindiaforum.com/wp-content/uploads/2025/12/WhatsApp-Image-2025-12-08-at-18.27.43.jpeg","Elementor export","","approved-export","Extracted from authorized wp-content/uploads archive"
"client/public/reference/2026/01/6O8A2340-scaled.jpg","https://retailjewellerindiaforum.com/wp-content/uploads/2026/01/6O8A2340-scaled.jpg","Elementor export","","approved-export","Extracted from authorized wp-content/uploads archive"
"client/public/reference/2026/01/6O8A2342-scaled.jpg","https://retailjewellerindiaforum.com/wp-content/uploads/2026/01/6O8A2342-scaled.jpg","Elementor export","","approved-export","Extracted from authorized wp-content/uploads archive"
"client/public/reference/2026/01/6O8A2376-1-scaled.jpg","https://retailjewellerindiaforum.com/wp-content/uploads/2026/01/6O8A2376-1-scaled.jpg","Elementor export","","approved-export","Extracted from authorized wp-content/uploads archive"
"client/public/reference/2026/01/6O8A2530-1-scaled.jpg","https://retailjewellerindiaforum.com/wp-content/uploads/2026/01/6O8A2530-1-scaled.jpg","Elementor export","","approved-export","Extracted from authorized wp-content/uploads archive"
"client/public/reference/2026/01/6O8A2572-scaled.jpg","https://retailjewellerindiaforum.com/wp-content/uploads/2026/01/6O8A2572-scaled.jpg","Elementor export","","approved-export","Extracted from authorized wp-content/uploads archive"
"client/public/reference/2026/01/6O8A2648-scaled.jpg","https://retailjewellerindiaforum.com/wp-content/uploads/2026/01/6O8A2648-scaled.jpg","Elementor export","","approved-export","Extracted from authorized wp-content/uploads archive"
"client/public/reference/2026/01/6O8A2686-1-scaled.jpg","https://retailjewellerindiaforum.com/wp-content/uploads/2026/01/6O8A2686-1-scaled.jpg","Elementor export","","approved-export","Extracted from authorized wp-content/uploads archive"
"client/public/reference/2026/01/6O8A2767-scaled.jpg","https://retailjewellerindiaforum.com/wp-content/uploads/2026/01/6O8A2767-scaled.jpg","Elementor export","","approved-export","Extracted from authorized wp-content/uploads archive"
"client/public/reference/2026/01/6O8A2805-scaled.jpg","https://retailjewellerindiaforum.com/wp-content/uploads/2026/01/6O8A2805-scaled.jpg","Elementor export","","approved-export","Extracted from authorized wp-content/uploads archive"
"client/public/reference/2026/01/6O8A2810-scaled.jpg","https://retailjewellerindiaforum.com/wp-content/uploads/2026/01/6O8A2810-scaled.jpg","Elementor export","","approved-export","Extracted from authorized wp-content/uploads archive"
"client/public/reference/2026/01/6O8A2821-scaled.jpg","https://retailjewellerindiaforum.com/wp-content/uploads/2026/01/6O8A2821-scaled.jpg","Elementor export","","approved-export","Extracted from authorized wp-content/uploads archive"
"client/public/reference/2026/01/6O8A2830-scaled.jpg","https://retailjewellerindiaforum.com/wp-content/uploads/2026/01/6O8A2830-scaled.jpg","Elementor export","","approved-export","Extracted from authorized wp-content/uploads archive"
"client/public/reference/2026/01/6O8A2832-scaled.jpg","https://retailjewellerindiaforum.com/wp-content/uploads/2026/01/6O8A2832-scaled.jpg","Elementor export","","approved-export","Extracted from authorized wp-content/uploads archive"
"client/public/reference/2026/01/DSC02508-scaled.jpg","https://retailjewellerindiaforum.com/wp-content/uploads/2026/01/DSC02508-scaled.jpg","Elementor export","","approved-export","Extracted from authorized wp-content/uploads archive"
"client/public/reference/2026/01/DSC02842-scaled.jpg","https://retailjewellerindiaforum.com/wp-content/uploads/2026/01/DSC02842-scaled.jpg","Elementor export","","approved-export","Extracted from authorized wp-content/uploads archive"
"client/public/reference/2026/01/DSC03015-scaled.jpg","https://retailjewellerindiaforum.com/wp-content/uploads/2026/01/DSC03015-scaled.jpg","Elementor export","","approved-export","Extracted from authorized wp-content/uploads archive"
"client/public/reference/2026/01/DSC05312-scaled.jpg","https://retailjewellerindiaforum.com/wp-content/uploads/2026/01/DSC05312-scaled.jpg","Elementor export","","approved-export","Extracted from authorized wp-content/uploads archive"
"client/public/reference/2026/01/DSC05322-scaled.jpg","https://retailjewellerindiaforum.com/wp-content/uploads/2026/01/DSC05322-scaled.jpg","Elementor export","","approved-export","Extracted from authorized wp-content/uploads archive"
"client/public/reference/2026/01/DSC05425-scaled.jpg","https://retailjewellerindiaforum.com/wp-content/uploads/2026/01/DSC05425-scaled.jpg","Elementor export","","approved-export","Extracted from authorized wp-content/uploads archive"
"client/public/reference/2026/01/DSC05467-scaled.jpg","https://retailjewellerindiaforum.com/wp-content/uploads/2026/01/DSC05467-scaled.jpg","Elementor export","","approved-export","Extracted from authorized wp-content/uploads archive"
"client/public/reference/2026/01/DSC05639-1-scaled.jpg","https://retailjewellerindiaforum.com/wp-content/uploads/2026/01/DSC05639-1-scaled.jpg","Elementor export","","approved-export","Extracted from authorized wp-content/uploads archive"
"client/public/reference/2026/01/DSC05680-1-scaled.jpg","https://retailjewellerindiaforum.com/wp-content/uploads/2026/01/DSC05680-1-scaled.jpg","Elementor export","","approved-export","Extracted from authorized wp-content/uploads archive"
"client/public/reference/2026/01/DSC05726-scaled.jpg","https://retailjewellerindiaforum.com/wp-content/uploads/2026/01/DSC05726-scaled.jpg","Elementor export","","approved-export","Extracted from authorized wp-content/uploads archive"
"client/public/reference/2026/01/DSC05728-scaled.jpg","https://retailjewellerindiaforum.com/wp-content/uploads/2026/01/DSC05728-scaled.jpg","Elementor export","","approved-export","Extracted from authorized wp-content/uploads archive"
"client/public/reference/2026/01/DSC05736-scaled.jpg","https://retailjewellerindiaforum.com/wp-content/uploads/2026/01/DSC05736-scaled.jpg","Elementor export","","approved-export","Extracted from authorized wp-content/uploads archive"
"client/public/reference/2026/01/DSC05739-scaled.jpg","https://retailjewellerindiaforum.com/wp-content/uploads/2026/01/DSC05739-scaled.jpg","Elementor export","","approved-export","Extracted from authorized wp-content/uploads archive"
"client/public/reference/2026/01/DSC05774-1-scaled.jpg","https://retailjewellerindiaforum.com/wp-content/uploads/2026/01/DSC05774-1-scaled.jpg","Elementor export","","approved-export","Extracted from authorized wp-content/uploads archive"
"client/public/reference/2026/01/DSC05835-scaled.jpg","https://retailjewellerindiaforum.com/wp-content/uploads/2026/01/DSC05835-scaled.jpg","Elementor export","","approved-export","Extracted from authorized wp-content/uploads archive"
"client/public/reference/2026/01/DSC05889-scaled.jpg","https://retailjewellerindiaforum.com/wp-content/uploads/2026/01/DSC05889-scaled.jpg","Elementor export","","approved-export","Extracted from authorized wp-content/uploads archive"
"client/public/reference/2026/01/DSC05959-1-scaled.jpg","https://retailjewellerindiaforum.com/wp-content/uploads/2026/01/DSC05959-1-scaled.jpg","Elementor export","","approved-export","Extracted from authorized wp-content/uploads archive"
"client/public/reference/2026/01/DSC06051-1-scaled.jpg","https://retailjewellerindiaforum.com/wp-content/uploads/2026/01/DSC06051-1-scaled.jpg","Elementor export","","approved-export","Extracted from authorized wp-content/uploads archive"
"client/public/reference/2026/01/DSC06104-1-scaled.jpg","https://retailjewellerindiaforum.com/wp-content/uploads/2026/01/DSC06104-1-scaled.jpg","Elementor export","","approved-export","Extracted from authorized wp-content/uploads archive"
"client/public/reference/2026/01/DSC06232-scaled.jpg","https://retailjewellerindiaforum.com/wp-content/uploads/2026/01/DSC06232-scaled.jpg","Elementor export","","approved-export","Extracted from authorized wp-content/uploads archive"
"client/public/reference/2026/01/DSC06238-scaled.jpg","https://retailjewellerindiaforum.com/wp-content/uploads/2026/01/DSC06238-scaled.jpg","Elementor export","","approved-export","Extracted from authorized wp-content/uploads archive"
"client/public/reference/2026/01/DSC06257-scaled.jpg","https://retailjewellerindiaforum.com/wp-content/uploads/2026/01/DSC06257-scaled.jpg","Elementor export","","approved-export","Extracted from authorized wp-content/uploads archive"
"client/public/reference/2026/01/DSC06263-scaled.jpg","https://retailjewellerindiaforum.com/wp-content/uploads/2026/01/DSC06263-scaled.jpg","Elementor export","","approved-export","Extracted from authorized wp-content/uploads archive"
"client/public/reference/2026/01/DSC06264-scaled.jpg","https://retailjewellerindiaforum.com/wp-content/uploads/2026/01/DSC06264-scaled.jpg","Elementor export","","approved-export","Extracted from authorized wp-content/uploads archive"
"client/public/reference/2026/01/DSC06269-scaled.jpg","https://retailjewellerindiaforum.com/wp-content/uploads/2026/01/DSC06269-scaled.jpg","Elementor export","","approved-export","Extracted from authorized wp-content/uploads archive"
"client/public/reference/2026/01/DSC06374-scaled.jpg","https://retailjewellerindiaforum.com/wp-content/uploads/2026/01/DSC06374-scaled.jpg","Elementor export","","approved-export","Extracted from authorized wp-content/uploads archive"
"client/public/reference/2026/01/DSC06381-scaled.jpg","https://retailjewellerindiaforum.com/wp-content/uploads/2026/01/DSC06381-scaled.jpg","Elementor export","","approved-export","Extracted from authorized wp-content/uploads archive"
"client/public/reference/2026/01/DSC06385-scaled.jpg","https://retailjewellerindiaforum.com/wp-content/uploads/2026/01/DSC06385-scaled.jpg","Elementor export","","approved-export","Extracted from authorized wp-content/uploads archive"
"client/public/reference/2026/01/DSC06389-scaled.jpg","https://retailjewellerindiaforum.com/wp-content/uploads/2026/01/DSC06389-scaled.jpg","Elementor export","","approved-export","Extracted from authorized wp-content/uploads archive"
"client/public/reference/2026/01/DSC06431-scaled.jpg","https://retailjewellerindiaforum.com/wp-content/uploads/2026/01/DSC06431-scaled.jpg","Elementor export","","approved-export","Extracted from authorized wp-content/uploads archive"
"client/public/reference/2026/01/DSC06477-scaled.jpg","https://retailjewellerindiaforum.com/wp-content/uploads/2026/01/DSC06477-scaled.jpg","Elementor export","","approved-export","Extracted from authorized wp-content/uploads archive"
"client/public/reference/2026/01/DSC06484-scaled.jpg","https://retailjewellerindiaforum.com/wp-content/uploads/2026/01/DSC06484-scaled.jpg","Elementor export","","approved-export","Extracted from authorized wp-content/uploads archive"
"client/public/reference/2026/01/DSC06492-scaled.jpg","https://retailjewellerindiaforum.com/wp-content/uploads/2026/01/DSC06492-scaled.jpg","Elementor export","","approved-export","Extracted from authorized wp-content/uploads archive"
"client/public/reference/2026/01/DSC06501-scaled.jpg","https://retailjewellerindiaforum.com/wp-content/uploads/2026/01/DSC06501-scaled.jpg","Elementor export","","approved-export","Extracted from authorized wp-content/uploads archive"
"client/public/reference/2026/01/DSC06506-scaled.jpg","https://retailjewellerindiaforum.com/wp-content/uploads/2026/01/DSC06506-scaled.jpg","Elementor export","","approved-export","Extracted from authorized wp-content/uploads archive"
"client/public/reference/2026/01/DSC06512-scaled.jpg","https://retailjewellerindiaforum.com/wp-content/uploads/2026/01/DSC06512-scaled.jpg","Elementor export","","approved-export","Extracted from authorized wp-content/uploads archive"
"client/public/reference/2026/01/DSC06523-scaled.jpg","https://retailjewellerindiaforum.com/wp-content/uploads/2026/01/DSC06523-scaled.jpg","Elementor export","","approved-export","Extracted from authorized wp-content/uploads archive"
"client/public/reference/2026/01/DSC06528-scaled.jpg","https://retailjewellerindiaforum.com/wp-content/uploads/2026/01/DSC06528-scaled.jpg","Elementor export","","approved-export","Extracted from authorized wp-content/uploads archive"
"client/public/reference/2026/01/DSC06533-scaled.jpg","https://retailjewellerindiaforum.com/wp-content/uploads/2026/01/DSC06533-scaled.jpg","Elementor export","","approved-export","Extracted from authorized wp-content/uploads archive"
"client/public/reference/2026/01/DSC06536-scaled.jpg","https://retailjewellerindiaforum.com/wp-content/uploads/2026/01/DSC06536-scaled.jpg","Elementor export","","approved-export","Extracted from authorized wp-content/uploads archive"
"client/public/reference/2026/01/DSC06541-scaled.jpg","https://retailjewellerindiaforum.com/wp-content/uploads/2026/01/DSC06541-scaled.jpg","Elementor export","","approved-export","Extracted from authorized wp-content/uploads archive"
"client/public/reference/2026/01/DSC06546-scaled.jpg","https://retailjewellerindiaforum.com/wp-content/uploads/2026/01/DSC06546-scaled.jpg","Elementor export","","approved-export","Extracted from authorized wp-content/uploads archive"
"client/public/reference/2026/01/DSC06551-scaled.jpg","https://retailjewellerindiaforum.com/wp-content/uploads/2026/01/DSC06551-scaled.jpg","Elementor export","","approved-export","Extracted from authorized wp-content/uploads archive"
"client/public/reference/2026/01/DSC06558-scaled.jpg","https://retailjewellerindiaforum.com/wp-content/uploads/2026/01/DSC06558-scaled.jpg","Elementor export","","approved-export","Extracted from authorized wp-content/uploads archive"
"client/public/reference/2026/01/DSC06585-scaled.jpg","https://retailjewellerindiaforum.com/wp-content/uploads/2026/01/DSC06585-scaled.jpg","Elementor export","","approved-export","Extracted from authorized wp-content/uploads archive"
"client/public/reference/2026/01/Ishu-Datwani-founder-Anmol-Jewellers.jpeg","https://retailjewellerindiaforum.com/wp-content/uploads/2026/01/Ishu-Datwani-founder-Anmol-Jewellers.jpeg","Elementor export","","approved-export","Extracted from authorized wp-content/uploads archive"
"client/public/reference/2026/01/Sayalee-Marathe-Founder-House-of-Aadyaa-1-1.jpeg","https://retailjewellerindiaforum.com/wp-content/uploads/2026/01/Sayalee-Marathe-Founder-House-of-Aadyaa-1-1.jpeg","Elementor export","","approved-export","Extracted from authorized wp-content/uploads archive"
"client/public/reference/2026/01/Shreyansh-Kapoor-Managing-Partner-Kashi-Jewellers-1.jpeg","https://retailjewellerindiaforum.com/wp-content/uploads/2026/01/Shreyansh-Kapoor-Managing-Partner-Kashi-Jewellers-1.jpeg","Elementor export","","approved-export","Extracted from authorized wp-content/uploads archive"
"client/public/reference/2026/02/faris-abdulah-1.jpeg","https://retailjewellerindiaforum.com/wp-content/uploads/2026/02/faris-abdulah-1.jpeg","Elementor export","","approved-export","Extracted from authorized wp-content/uploads archive"
"client/public/reference/2026/02/Priyanka-1-1.jpeg","https://retailjewellerindiaforum.com/wp-content/uploads/2026/02/Priyanka-1-1.jpeg","Elementor export","","approved-export","Extracted from authorized wp-content/uploads archive"
"client/public/reference/2026/02/sangeeta-chetan.jpeg","https://retailjewellerindiaforum.com/wp-content/uploads/2026/02/sangeeta-chetan.jpeg","Elementor export","","approved-export","Extracted from authorized wp-content/uploads archive"
"client/public/reference/2026/02/Vargeesh-Alukas-1-2.jpeg","https://retailjewellerindiaforum.com/wp-content/uploads/2026/02/Vargeesh-Alukas-1-2.jpeg","Elementor export","","approved-export","Extracted from authorized wp-content/uploads archive"
"client/public/reference/2026/02/Vinod-Hygriv-1.jpeg","https://retailjewellerindiaforum.com/wp-content/uploads/2026/02/Vinod-Hygriv-1.jpeg","Elementor export","","approved-export","Extracted from authorized wp-content/uploads archive"
"client/public/reference/2026/03/012A4247.JPG-scaled.jpeg","https://retailjewellerindiaforum.com/wp-content/uploads/2026/03/012A4247.JPG-scaled.jpeg","Elementor export","","approved-export","Extracted from authorized wp-content/uploads archive"
"client/public/reference/2026/03/631803400_1348466133990183_8626686010970832086_n.jpg","https://retailjewellerindiaforum.com/wp-content/uploads/2026/03/631803400_1348466133990183_8626686010970832086_n.jpg","Elementor export","","approved-export","Extracted from authorized wp-content/uploads archive"
"client/public/reference/2026/03/6O8A0346.JPG-scaled.jpeg","https://retailjewellerindiaforum.com/wp-content/uploads/2026/03/6O8A0346.JPG-scaled.jpeg","Elementor export","","approved-export","Extracted from authorized wp-content/uploads archive"
"client/public/reference/2026/03/6O8A0352.JPG-scaled.jpeg","https://retailjewellerindiaforum.com/wp-content/uploads/2026/03/6O8A0352.JPG-scaled.jpeg","Elementor export","","approved-export","Extracted from authorized wp-content/uploads archive"
"client/public/reference/2026/03/6O8A0356.JPG-scaled.jpeg","https://retailjewellerindiaforum.com/wp-content/uploads/2026/03/6O8A0356.JPG-scaled.jpeg","Elementor export","","approved-export","Extracted from authorized wp-content/uploads archive"
"client/public/reference/2026/03/6O8A0366.JPG-scaled.jpeg","https://retailjewellerindiaforum.com/wp-content/uploads/2026/03/6O8A0366.JPG-scaled.jpeg","Elementor export","","approved-export","Extracted from authorized wp-content/uploads archive"
"client/public/reference/2026/03/6O8A0384.JPG-scaled.jpeg","https://retailjewellerindiaforum.com/wp-content/uploads/2026/03/6O8A0384.JPG-scaled.jpeg","Elementor export","","approved-export","Extracted from authorized wp-content/uploads archive"
"client/public/reference/2026/03/6O8A0422.JPG-scaled.jpeg","https://retailjewellerindiaforum.com/wp-content/uploads/2026/03/6O8A0422.JPG-scaled.jpeg","Elementor export","","approved-export","Extracted from authorized wp-content/uploads archive"
"client/public/reference/2026/03/6O8A0432.JPG-scaled.jpeg","https://retailjewellerindiaforum.com/wp-content/uploads/2026/03/6O8A0432.JPG-scaled.jpeg","Elementor export","","approved-export","Extracted from authorized wp-content/uploads archive"
"client/public/reference/2026/03/6O8A0522.JPG-scaled.jpeg","https://retailjewellerindiaforum.com/wp-content/uploads/2026/03/6O8A0522.JPG-scaled.jpeg","Elementor export","","approved-export","Extracted from authorized wp-content/uploads archive"
"client/public/reference/2026/03/6O8A0561.JPG-scaled.jpeg","https://retailjewellerindiaforum.com/wp-content/uploads/2026/03/6O8A0561.JPG-scaled.jpeg","Elementor export","","approved-export","Extracted from authorized wp-content/uploads archive"
"client/public/reference/2026/03/6O8A0606.JPG-scaled.jpeg","https://retailjewellerindiaforum.com/wp-content/uploads/2026/03/6O8A0606.JPG-scaled.jpeg","Elementor export","","approved-export","Extracted from authorized wp-content/uploads archive"
"client/public/reference/2026/03/6O8A0722.JPG-scaled.jpeg","https://retailjewellerindiaforum.com/wp-content/uploads/2026/03/6O8A0722.JPG-scaled.jpeg","Elementor export","","approved-export","Extracted from authorized wp-content/uploads archive"
"client/public/reference/2026/03/6O8A0743.JPG-scaled.jpeg","https://retailjewellerindiaforum.com/wp-content/uploads/2026/03/6O8A0743.JPG-scaled.jpeg","Elementor export","","approved-export","Extracted from authorized wp-content/uploads archive"
"client/public/reference/2026/03/6O8A0769-scaled.jpg","https://retailjewellerindiaforum.com/wp-content/uploads/2026/03/6O8A0769-scaled.jpg","Elementor export","","approved-export","Extracted from authorized wp-content/uploads archive"
"client/public/reference/2026/03/6O8A0773-scaled.jpg","https://retailjewellerindiaforum.com/wp-content/uploads/2026/03/6O8A0773-scaled.jpg","Elementor export","","approved-export","Extracted from authorized wp-content/uploads archive"
"client/public/reference/2026/03/6O8A0777-scaled.jpg","https://retailjewellerindiaforum.com/wp-content/uploads/2026/03/6O8A0777-scaled.jpg","Elementor export","","approved-export","Extracted from authorized wp-content/uploads archive"
"client/public/reference/2026/03/6O8A0780-scaled.jpg","https://retailjewellerindiaforum.com/wp-content/uploads/2026/03/6O8A0780-scaled.jpg","Elementor export","","approved-export","Extracted from authorized wp-content/uploads archive"
"client/public/reference/2026/03/6O8A0783-scaled.jpg","https://retailjewellerindiaforum.com/wp-content/uploads/2026/03/6O8A0783-scaled.jpg","Elementor export","","approved-export","Extracted from authorized wp-content/uploads archive"
"client/public/reference/2026/03/6O8A0793.JPG-scaled.jpeg","https://retailjewellerindiaforum.com/wp-content/uploads/2026/03/6O8A0793.JPG-scaled.jpeg","Elementor export","","approved-export","Extracted from authorized wp-content/uploads archive"
"client/public/reference/2026/03/6O8A0899.JPG-scaled.jpeg","https://retailjewellerindiaforum.com/wp-content/uploads/2026/03/6O8A0899.JPG-scaled.jpeg","Elementor export","","approved-export","Extracted from authorized wp-content/uploads archive"
"client/public/reference/2026/03/6O8A0977.JPG-scaled.jpeg","https://retailjewellerindiaforum.com/wp-content/uploads/2026/03/6O8A0977.JPG-scaled.jpeg","Elementor export","","approved-export","Extracted from authorized wp-content/uploads archive"
"client/public/reference/2026/03/6O8A0996-scaled.jpg","https://retailjewellerindiaforum.com/wp-content/uploads/2026/03/6O8A0996-scaled.jpg","Elementor export","","approved-export","Extracted from authorized wp-content/uploads archive"
"client/public/reference/2026/03/6O8A1005-scaled.jpg","https://retailjewellerindiaforum.com/wp-content/uploads/2026/03/6O8A1005-scaled.jpg","Elementor export","","approved-export","Extracted from authorized wp-content/uploads archive"
"client/public/reference/2026/03/6O8A1008-scaled.jpg","https://retailjewellerindiaforum.com/wp-content/uploads/2026/03/6O8A1008-scaled.jpg","Elementor export","","approved-export","Extracted from authorized wp-content/uploads archive"
"client/public/reference/2026/03/6O8A1018-scaled.jpg","https://retailjewellerindiaforum.com/wp-content/uploads/2026/03/6O8A1018-scaled.jpg","Elementor export","","approved-export","Extracted from authorized wp-content/uploads archive"
"client/public/reference/2026/03/6O8A1165.JPG-scaled.jpeg","https://retailjewellerindiaforum.com/wp-content/uploads/2026/03/6O8A1165.JPG-scaled.jpeg","Elementor export","","approved-export","Extracted from authorized wp-content/uploads archive"
"client/public/reference/2026/03/6O8A1979-scaled.jpg","https://retailjewellerindiaforum.com/wp-content/uploads/2026/03/6O8A1979-scaled.jpg","Elementor export","","approved-export","Extracted from authorized wp-content/uploads archive"
"client/public/reference/2026/03/𝐀𝐫𝐣𝐮𝐧-𝐕𝐚𝐫𝐚𝐝𝐚𝐫𝐚𝐣-𝐍𝐚𝐭𝐡𝐞𝐥𝐥𝐚-𝐃𝐢𝐫𝐞𝐜𝐭𝐨𝐫-𝐍𝐀𝐂-𝐉𝐞𝐰𝐞𝐥𝐥𝐞𝐫𝐬.jpeg","https://retailjewellerindiaforum.com/wp-content/uploads/2026/03/𝐀𝐫𝐣𝐮𝐧-𝐕𝐚𝐫𝐚𝐝𝐚𝐫𝐚𝐣-𝐍𝐚𝐭𝐡𝐞𝐥𝐥𝐚-𝐃𝐢𝐫𝐞𝐜𝐭𝐨𝐫-𝐍𝐀𝐂-𝐉𝐞𝐰𝐞𝐥𝐥𝐞𝐫𝐬.jpeg","Elementor export","","approved-export","Extracted from authorized wp-content/uploads archive"
"client/public/reference/2026/03/Customer-Experience-of-the-Year-scaled.jpg","https://retailjewellerindiaforum.com/wp-content/uploads/2026/03/Customer-Experience-of-the-Year-scaled.jpg","Elementor export","","approved-export","Extracted from authorized wp-content/uploads archive"
"client/public/reference/2026/03/𝐃𝐞𝐞𝐩𝐭𝐢-𝐒𝐡𝐞𝐭-𝐏𝐚𝐫𝐭𝐧𝐞𝐫-𝐒.𝐋.-𝐒𝐡𝐞𝐭-𝐃𝐢𝐚𝐦𝐨𝐧𝐝-𝐇𝐨𝐮𝐬𝐞.jpeg","https://retailjewellerindiaforum.com/wp-content/uploads/2026/03/𝐃𝐞𝐞𝐩𝐭𝐢-𝐒𝐡𝐞𝐭-𝐏𝐚𝐫𝐭𝐧𝐞𝐫-𝐒.𝐋.-𝐒𝐡𝐞𝐭-𝐃𝐢𝐚𝐦𝐨𝐧𝐝-𝐇𝐨𝐮𝐬𝐞.jpeg","Elementor export","","approved-export","Extracted from authorized wp-content/uploads archive"
"client/public/reference/2026/03/Disha-Jain.jpg","https://retailjewellerindiaforum.com/wp-content/uploads/2026/03/Disha-Jain.jpg","Elementor export","","approved-export","Extracted from authorized wp-content/uploads archive"
"client/public/reference/2026/03/DSC08567-scaled.jpg","https://retailjewellerindiaforum.com/wp-content/uploads/2026/03/DSC08567-scaled.jpg","Elementor export","","approved-export","Extracted from authorized wp-content/uploads archive"
"client/public/reference/2026/03/DSC08582-scaled.jpg","https://retailjewellerindiaforum.com/wp-content/uploads/2026/03/DSC08582-scaled.jpg","Elementor export","","approved-export","Extracted from authorized wp-content/uploads archive"
"client/public/reference/2026/03/DSC08584-scaled.jpg","https://retailjewellerindiaforum.com/wp-content/uploads/2026/03/DSC08584-scaled.jpg","Elementor export","","approved-export","Extracted from authorized wp-content/uploads archive"
"client/public/reference/2026/03/DSC08602.JPG-scaled.jpeg","https://retailjewellerindiaforum.com/wp-content/uploads/2026/03/DSC08602.JPG-scaled.jpeg","Elementor export","","approved-export","Extracted from authorized wp-content/uploads archive"
"client/public/reference/2026/03/DSC08614.JPG-scaled.jpeg","https://retailjewellerindiaforum.com/wp-content/uploads/2026/03/DSC08614.JPG-scaled.jpeg","Elementor export","","approved-export","Extracted from authorized wp-content/uploads archive"
"client/public/reference/2026/03/DSC08647-scaled.jpg","https://retailjewellerindiaforum.com/wp-content/uploads/2026/03/DSC08647-scaled.jpg","Elementor export","","approved-export","Extracted from authorized wp-content/uploads archive"
"client/public/reference/2026/03/DSC08678.JPG-scaled.jpeg","https://retailjewellerindiaforum.com/wp-content/uploads/2026/03/DSC08678.JPG-scaled.jpeg","Elementor export","","approved-export","Extracted from authorized wp-content/uploads archive"
"client/public/reference/2026/03/DSC08914-scaled.jpg","https://retailjewellerindiaforum.com/wp-content/uploads/2026/03/DSC08914-scaled.jpg","Elementor export","","approved-export","Extracted from authorized wp-content/uploads archive"
"client/public/reference/2026/03/DSC08918-scaled.jpg","https://retailjewellerindiaforum.com/wp-content/uploads/2026/03/DSC08918-scaled.jpg","Elementor export","","approved-export","Extracted from authorized wp-content/uploads archive"
"client/public/reference/2026/03/DSC09072.JPG-scaled.jpeg","https://retailjewellerindiaforum.com/wp-content/uploads/2026/03/DSC09072.JPG-scaled.jpeg","Elementor export","","approved-export","Extracted from authorized wp-content/uploads archive"
"client/public/reference/2026/03/DSC09112-scaled.jpg","https://retailjewellerindiaforum.com/wp-content/uploads/2026/03/DSC09112-scaled.jpg","Elementor export","","approved-export","Extracted from authorized wp-content/uploads archive"
"client/public/reference/2026/03/DSC09119-scaled.jpg","https://retailjewellerindiaforum.com/wp-content/uploads/2026/03/DSC09119-scaled.jpg","Elementor export","","approved-export","Extracted from authorized wp-content/uploads archive"
"client/public/reference/2026/03/DSC09125-scaled.jpg","https://retailjewellerindiaforum.com/wp-content/uploads/2026/03/DSC09125-scaled.jpg","Elementor export","","approved-export","Extracted from authorized wp-content/uploads archive"
"client/public/reference/2026/03/DSC09129-scaled.jpg","https://retailjewellerindiaforum.com/wp-content/uploads/2026/03/DSC09129-scaled.jpg","Elementor export","","approved-export","Extracted from authorized wp-content/uploads archive"
"client/public/reference/2026/03/DSC09135-scaled.jpg","https://retailjewellerindiaforum.com/wp-content/uploads/2026/03/DSC09135-scaled.jpg","Elementor export","","approved-export","Extracted from authorized wp-content/uploads archive"
"client/public/reference/2026/03/DSC09393.JPG-scaled.jpeg","https://retailjewellerindiaforum.com/wp-content/uploads/2026/03/DSC09393.JPG-scaled.jpeg","Elementor export","","approved-export","Extracted from authorized wp-content/uploads archive"
"client/public/reference/2026/03/DSC09427.JPG-scaled.jpeg","https://retailjewellerindiaforum.com/wp-content/uploads/2026/03/DSC09427.JPG-scaled.jpeg","Elementor export","","approved-export","Extracted from authorized wp-content/uploads archive"
"client/public/reference/2026/03/DSC09436.JPG-scaled.jpeg","https://retailjewellerindiaforum.com/wp-content/uploads/2026/03/DSC09436.JPG-scaled.jpeg","Elementor export","","approved-export","Extracted from authorized wp-content/uploads archive"
"client/public/reference/2026/03/DSC09484.JPG-scaled.jpeg","https://retailjewellerindiaforum.com/wp-content/uploads/2026/03/DSC09484.JPG-scaled.jpeg","Elementor export","","approved-export","Extracted from authorized wp-content/uploads archive"
"client/public/reference/2026/03/DSC09532.JPG-scaled.jpeg","https://retailjewellerindiaforum.com/wp-content/uploads/2026/03/DSC09532.JPG-scaled.jpeg","Elementor export","","approved-export","Extracted from authorized wp-content/uploads archive"
"client/public/reference/2026/03/Emerging-Brand-of-the-Year-scaled.jpg","https://retailjewellerindiaforum.com/wp-content/uploads/2026/03/Emerging-Brand-of-the-Year-scaled.jpg","Elementor export","","approved-export","Extracted from authorized wp-content/uploads archive"
"client/public/reference/2026/03/Excellence-In-Strategic-Brand-Evolution-scaled.jpg","https://retailjewellerindiaforum.com/wp-content/uploads/2026/03/Excellence-In-Strategic-Brand-Evolution-scaled.jpg","Elementor export","","approved-export","Extracted from authorized wp-content/uploads archive"
"client/public/reference/2026/03/Independent-Retailer-of-the-Year-scaled.jpg","https://retailjewellerindiaforum.com/wp-content/uploads/2026/03/Independent-Retailer-of-the-Year-scaled.jpg","Elementor export","","approved-export","Extracted from authorized wp-content/uploads archive"
"client/public/reference/2026/03/Legacy-Jeweller-of-the-Year-2-scaled.jpg","https://retailjewellerindiaforum.com/wp-content/uploads/2026/03/Legacy-Jeweller-of-the-Year-2-scaled.jpg","Elementor export","","approved-export","Extracted from authorized wp-content/uploads archive"
"client/public/reference/2026/03/Legacy-Jeweller-of-the-Year-scaled.jpg","https://retailjewellerindiaforum.com/wp-content/uploads/2026/03/Legacy-Jeweller-of-the-Year-scaled.jpg","Elementor export","","approved-export","Extracted from authorized wp-content/uploads archive"
"client/public/reference/2026/03/Omnichannel-Excellence-Recognition-scaled.jpg","https://retailjewellerindiaforum.com/wp-content/uploads/2026/03/Omnichannel-Excellence-Recognition-scaled.jpg","Elementor export","","approved-export","Extracted from authorized wp-content/uploads archive"
"client/public/reference/2026/03/P-Kaushik.jpg","https://retailjewellerindiaforum.com/wp-content/uploads/2026/03/P-Kaushik.jpg","Elementor export","","approved-export","Extracted from authorized wp-content/uploads archive"
"client/public/reference/2026/03/Retail-Chain-of-the-Year-scaled.jpg","https://retailjewellerindiaforum.com/wp-content/uploads/2026/03/Retail-Chain-of-the-Year-scaled.jpg","Elementor export","","approved-export","Extracted from authorized wp-content/uploads archive"
"client/public/reference/2026/03/Retail-Innovation-of-the-Year-scaled.jpg","https://retailjewellerindiaforum.com/wp-content/uploads/2026/03/Retail-Innovation-of-the-Year-scaled.jpg","Elementor export","","approved-export","Extracted from authorized wp-content/uploads archive"
"client/public/reference/2026/03/Suraj-Shanta-Kumar.jpg","https://retailjewellerindiaforum.com/wp-content/uploads/2026/03/Suraj-Shanta-Kumar.jpg","Elementor export","","approved-export","Extracted from authorized wp-content/uploads archive"
"client/public/reference/2026/03/Untitled-5.jpg.jpeg","https://retailjewellerindiaforum.com/wp-content/uploads/2026/03/Untitled-5.jpg.jpeg","Elementor export","","approved-export","Extracted from authorized wp-content/uploads archive"
"client/public/reference/2026/03/WhatsApp-Image-2026-03-12-at-15.01.46.jpeg","https://retailjewellerindiaforum.com/wp-content/uploads/2026/03/WhatsApp-Image-2026-03-12-at-15.01.46.jpeg","Elementor export","","approved-export","Extracted from authorized wp-content/uploads archive"
"client/public/reference/2026/03/WhatsApp-Image-2026-03-12-at-18.23.15.jpeg","https://retailjewellerindiaforum.com/wp-content/uploads/2026/03/WhatsApp-Image-2026-03-12-at-18.23.15.jpeg","Elementor export","","approved-export","Extracted from authorized wp-content/uploads archive"
"client/public/reference/2026/09/01_Excellence_in_Integrated_Marketing.pdf","https://retailjewellerindiaforum.com/wp-content/uploads/2026/09/01_Excellence_in_Integrated_Marketing.pdf","Elementor export","","approved-export","Extracted from authorized wp-content/uploads archive"
"client/public/reference/2026/09/02_Excellence_in_Digital_Brand_Marketing.pdf","https://retailjewellerindiaforum.com/wp-content/uploads/2026/09/02_Excellence_in_Digital_Brand_Marketing.pdf","Elementor export","","approved-export","Extracted from authorized wp-content/uploads archive"
"client/public/reference/2026/09/03_Excellence_in_Online_Retail.pdf","https://retailjewellerindiaforum.com/wp-content/uploads/2026/09/03_Excellence_in_Online_Retail.pdf","Elementor export","","approved-export","Extracted from authorized wp-content/uploads archive"
"client/public/reference/2026/09/04_Excellence_in_Omni_Channel_Brand.pdf","https://retailjewellerindiaforum.com/wp-content/uploads/2026/09/04_Excellence_in_Omni_Channel_Brand.pdf","Elementor export","","approved-export","Extracted from authorized wp-content/uploads archive"
"client/public/reference/2026/09/06_Excellence_in_People_Welfare_Workplace_Culture_and_motivation.pdf","https://retailjewellerindiaforum.com/wp-content/uploads/2026/09/06_Excellence_in_People_Welfare_Workplace_Culture_and_motivation.pdf","Elementor export","","approved-export","Extracted from authorized wp-content/uploads archive"
"client/public/reference/2026/09/07_Excellence_in_Customer_Centricity.pdf","https://retailjewellerindiaforum.com/wp-content/uploads/2026/09/07_Excellence_in_Customer_Centricity.pdf","Elementor export","","approved-export","Extracted from authorized wp-content/uploads archive"
"client/public/reference/2026/09/08_Excellence_in_CSR_Commitment_Impact.pdf","https://retailjewellerindiaforum.com/wp-content/uploads/2026/09/08_Excellence_in_CSR_Commitment_Impact.pdf","Elementor export","","approved-export","Extracted from authorized wp-content/uploads archive"
"client/public/reference/2026/09/09_Excellence_in_CSR_Project.pdf","https://retailjewellerindiaforum.com/wp-content/uploads/2026/09/09_Excellence_in_CSR_Project.pdf","Elementor export","","approved-export","Extracted from authorized wp-content/uploads archive"
"client/public/reference/2026/09/10_Retail_Start_Up_of_the_year.pdf","https://retailjewellerindiaforum.com/wp-content/uploads/2026/09/10_Retail_Start_Up_of_the_year.pdf","Elementor export","","approved-export","Extracted from authorized wp-content/uploads archive"
"client/public/reference/2026/09/11_New_Age_Brand_of_the_year.pdf","https://retailjewellerindiaforum.com/wp-content/uploads/2026/09/11_New_Age_Brand_of_the_year.pdf","Elementor export","","approved-export","Extracted from authorized wp-content/uploads archive"
"client/public/reference/2026/09/12_Independant_Jeweller_of_the_Year.pdf","https://retailjewellerindiaforum.com/wp-content/uploads/2026/09/12_Independant_Jeweller_of_the_Year.pdf","Elementor export","","approved-export","Extracted from authorized wp-content/uploads archive"
"client/public/reference/2026/09/13_Regional_Retail_Chain_of_the_Year.pdf","https://retailjewellerindiaforum.com/wp-content/uploads/2026/09/13_Regional_Retail_Chain_of_the_Year.pdf","Elementor export","","approved-export","Extracted from authorized wp-content/uploads archive"
"client/public/reference/2026/09/14_Next_Gen_Leader_of_the_Year.pdf","https://retailjewellerindiaforum.com/wp-content/uploads/2026/09/14_Next_Gen_Leader_of_the_Year.pdf","Elementor export","","approved-export","Extracted from authorized wp-content/uploads archive"
"client/public/reference/2026/09/15_Debutant_of_the_Year.pdf","https://retailjewellerindiaforum.com/wp-content/uploads/2026/09/15_Debutant_of_the_Year.pdf","Elementor export","","approved-export","Extracted from authorized wp-content/uploads archive"
"client/public/reference/2026/09/16_Visionary_Leader_of_the_Year.pdf","https://retailjewellerindiaforum.com/wp-content/uploads/2026/09/16_Visionary_Leader_of_the_Year.pdf","Elementor export","","approved-export","Extracted from authorized wp-content/uploads archive"
"client/public/reference/2026/09/18_Special_Contribution_to_the_Industry.pdf","https://retailjewellerindiaforum.com/wp-content/uploads/2026/09/18_Special_Contribution_to_the_Industry.pdf","Elementor export","","approved-export","Extracted from authorized wp-content/uploads archive"
"client/public/reference/2026/09/19_Lifetime_Achievement_in_Retail.pdf","https://retailjewellerindiaforum.com/wp-content/uploads/2026/09/19_Lifetime_Achievement_in_Retail.pdf","Elementor export","","approved-export","Extracted from authorized wp-content/uploads archive"
"client/public/reference/2026/09/20_Lifetime_Achievement_in_Manufacturing.pdf","https://retailjewellerindiaforum.com/wp-content/uploads/2026/09/20_Lifetime_Achievement_in_Manufacturing.pdf","Elementor export","","approved-export","Extracted from authorized wp-content/uploads archive"
"client/public/reference/2026/09/Business-Excellence-Awards-2027-Final-Submission-Guidelines.pdf","https://retailjewellerindiaforum.com/wp-content/uploads/2026/09/Business-Excellence-Awards-2027-Final-Submission-Guidelines.pdf","Elementor export","","approved-export","Extracted from authorized wp-content/uploads archive"
"client/public/reference/2026/09/India-Forum-banner_01.jpeg","https://retailjewellerindiaforum.com/wp-content/uploads/2026/09/India-Forum-banner_01.jpeg","Elementor export","","approved-export","Extracted from authorized wp-content/uploads archive"
"client/public/reference/2026/09/India-Forum-banner_02.jpeg","https://retailjewellerindiaforum.com/wp-content/uploads/2026/09/India-Forum-banner_02.jpeg","Elementor export","","approved-export","Extracted from authorized wp-content/uploads archive"
"client/public/reference/2026/09/Session-Highlight-Abhishek-Raniwala.jpeg","https://retailjewellerindiaforum.com/wp-content/uploads/2026/09/Session-Highlight-Abhishek-Raniwala.jpeg","Elementor export","","approved-export","Extracted from authorized wp-content/uploads archive"
"client/public/reference/2026/09/Session-Highlight-Ishu-Datwani.jpeg","https://retailjewellerindiaforum.com/wp-content/uploads/2026/09/Session-Highlight-Ishu-Datwani.jpeg","Elementor export","","approved-export","Extracted from authorized wp-content/uploads archive"
"client/public/reference/2026/09/Session-Highlight-Riva-Dhir.jpeg","https://retailjewellerindiaforum.com/wp-content/uploads/2026/09/Session-Highlight-Riva-Dhir.jpeg","Elementor export","","approved-export","Extracted from authorized wp-content/uploads archive"
"client/public/reference/2026/09/Session-Highlight-Shradha-Keshri.jpeg","https://retailjewellerindiaforum.com/wp-content/uploads/2026/09/Session-Highlight-Shradha-Keshri.jpeg","Elementor export","","approved-export","Extracted from authorized wp-content/uploads archive"
"client/public/reference/2026/09/Session-Highlight-Shreyansh-Kapoor.jpeg","https://retailjewellerindiaforum.com/wp-content/uploads/2026/09/Session-Highlight-Shreyansh-Kapoor.jpeg","Elementor export","","approved-export","Extracted from authorized wp-content/uploads archive"
"client/public/reference/2026/09/south-forum-banner_01.jpeg","https://retailjewellerindiaforum.com/wp-content/uploads/2026/09/south-forum-banner_01.jpeg","Elementor export","","approved-export","Extracted from authorized wp-content/uploads archive"
"client/public/reference/2026/09/south-forum-banner_02.jpeg","https://retailjewellerindiaforum.com/wp-content/uploads/2026/09/south-forum-banner_02.jpeg","Elementor export","","approved-export","Extracted from authorized wp-content/uploads archive"
"client/public/reference/2026/09/the-retail-jeweller-forum-2-scaled.jpeg","https://retailjewellerindiaforum.com/wp-content/uploads/2026/09/the-retail-jeweller-forum-2-scaled.jpeg","Elementor export","","approved-export","Extracted from authorized wp-content/uploads archive"
"client/public/reference/2026/09/the-retail-jeweller-forum-3-scaled.jpeg","https://retailjewellerindiaforum.com/wp-content/uploads/2026/09/the-retail-jeweller-forum-3-scaled.jpeg","Elementor export","","approved-export","Extracted from authorized wp-content/uploads archive"
"client/public/reference/2026/09/The-Retail-Jeweller-India-Forum-business-excellence-awards.jpeg","https://retailjewellerindiaforum.com/wp-content/uploads/2026/09/The-Retail-Jeweller-India-Forum-business-excellence-awards.jpeg","Elementor export","","approved-export","Extracted from authorized wp-content/uploads archive"
"client/public/reference/2026/09/The-Retail-Jeweller-India-Forum-service-providers.jpeg","https://retailjewellerindiaforum.com/wp-content/uploads/2026/09/The-Retail-Jeweller-India-Forum-service-providers.jpeg","Elementor export","","approved-export","Extracted from authorized wp-content/uploads archive"
"client/public/reference/2026/09/The-Retail-Jeweller-India-Forum.jpeg","https://retailjewellerindiaforum.com/wp-content/uploads/2026/09/The-Retail-Jeweller-India-Forum.jpeg","Elementor export","","approved-export","Extracted from authorized wp-content/uploads archive"
"client/public/reference/woocommerce-placeholder.webp","https://retailjewellerindiaforum.com/wp-content/uploads/woocommerce-placeholder.webp","Elementor export","","approved-export","Extracted from authorized wp-content/uploads archive"
